{
  "project_info": {
    "project_number": "406707054881",
    "project_id": "matching-85eea",
    "storage_bucket": "matching-85eea.appspot.com"
  },
  "client": [
    {
      "client_info": {
        "mobilesdk_app_id": "1:406707054881:android:e61e8b29563518eed33660",
        "android_client_info": {
          "package_name": "jp.techacademy.yuuwa.takano.matching"
        }
      },
      "oauth_client": [
        {
          "client_id": "406707054881-1khpamr8dkm7mdqkt7deoni9k5n98qmh.apps.googleusercontent.com",
          "client_type": 3
        }
      ],
      "api_key": [
        {
          "current_key": "AIzaSyDM3dgVmraduF1ABkrH3aYSL7Y47Lbc2JY"
        }
      ],
      "services": {
        "appinvite_service": {
          "other_platform_oauth_client": [
            {
              "client_id": "406707054881-1khpamr8dkm7mdqkt7deoni9k5n98qmh.apps.googleusercontent.com",
              "client_type": 3
            }
          ]
        }
      }
    }
  ],
  "configuration_version": "1"
}